x0,x1,x2,y0,y1,y2
1.028330504,4.204185192,7.979313644,1.0,0.0,0.0
3.365343347,4.743310976,3.749931604,1.0,0.0,0.0
3.635289279,5.914408614,4.556092169,1.0,0.0,0.0
4.248291672,5.778481518,5.079645021,1.0,0.0,0.0
3.49562526,4.938371402,7.459655359,1.0,0.0,0.0
0.747508797,1.116808297,7.564786738,1.0,0.0,0.0
0.818993814,2.829538202,5.145102312,1.0,0.0,0.0
-0.060122087,2.91623471,6.404793455,1.0,0.0,0.0
2.409397673,6.611802773,7.574824606,1.0,0.0,0.0
2.799599468,3.796286124,5.099070107,1.0,0.0,0.0
3.556138737,5.402743923,8.797782676,1.0,0.0,0.0
2.323858989,4.111816332,4.970418461,1.0,0.0,0.0
1.970033323,4.288952323,5.528394262,1.0,0.0,0.0
1.622585122,1.48919307,5.042120597,1.0,0.0,0.0
2.039911106,4.135887387,5.910880226,1.0,0.0,0.0
1.942208466,6.006170957,6.667216629,1.0,0.0,0.0
2.758400442,4.86950458,7.296933993,1.0,0.0,0.0
2.422039285,4.009153767,7.064250543,1.0,0.0,0.0
1.266418902,1.450193477,6.381078598,1.0,0.0,0.0
1.433500684,2.977221484,5.273078965,1.0,0.0,0.0
2.604922965,3.89074939,4.729685375,1.0,0.0,0.0
2.552660745,1.951694436,5.581356455,1.0,0.0,0.0
1.433290551,5.625570666,7.144955189,1.0,0.0,0.0
-0.116093092,2.484940617,6.661472519,1.0,0.0,0.0
5.140936824,2.671942986,7.527065872,1.0,0.0,0.0
3.243127274,3.520808616,4.264187446,1.0,0.0,0.0
0.582819287,5.557046689,4.602570623,1.0,0.0,0.0
2.694302679,5.203668169,4.028354041,1.0,0.0,0.0
1.258715025,3.232036296,7.758713651,1.0,0.0,0.0
2.466819415,2.208153158,5.783347327,1.0,0.0,0.0
4.101196014,2.910195364,6.124558542,1.0,0.0,0.0
5.313459546,7.00820632,6.716644844,1.0,0.0,0.0
1.531335883,5.870816105,3.664365149,1.0,0.0,0.0
3.539940478,5.211300708,7.187104346,1.0,0.0,0.0
0.034917814,2.908318191,9.446127401,1.0,0.0,0.0
3.575651236,3.184593315,5.491344996,1.0,0.0,0.0
2.914213988,3.720593482,4.052752466,1.0,0.0,0.0
2.168122916,3.819893542,7.259348409,1.0,0.0,0.0
0.145401686,4.317356889,6.050026623,1.0,0.0,0.0
0.631005885,3.270161751,6.94993042,1.0,0.0,0.0
3.142345682,3.079431703,6.625353652,1.0,0.0,0.0
-0.790372572,6.608865306,5.073961348,1.0,0.0,0.0
3.257780276,2.764280304,8.604623719,1.0,0.0,0.0
-1.263666324,0.288889676,7.63501132,1.0,0.0,0.0
1.687591878,4.368194162,5.91593143,1.0,0.0,0.0
3.034927818,2.84070939,5.582927285,1.0,0.0,0.0
3.516254197,6.239085451,5.120537727,1.0,0.0,0.0
5.337336925,4.465235688,7.348212622,1.0,0.0,0.0
2.129556797,4.85963762,7.823354755,1.0,0.0,0.0
1.954491542,2.325961635,7.233220317,1.0,0.0,0.0
-0.049032446,3.027112919,6.12481363,1.0,0.0,0.0
2.075341128,2.28972634,5.79082314,1.0,0.0,0.0
0.101079025,4.950869285,7.087892524,1.0,0.0,0.0
0.536711337,1.637807027,7.284005916,1.0,0.0,0.0
1.27124339,3.144420524,4.059774999,1.0,0.0,0.0
1.190758742,5.949866909,6.578502358,1.0,0.0,0.0
2.313110598,4.926671929,6.136915036,1.0,0.0,0.0
1.320001721,2.321065387,6.048093505,1.0,0.0,0.0
1.864939839,4.052267709,7.034076061,1.0,0.0,0.0
0.927445571,5.69405759,5.653298255,1.0,0.0,0.0
1.618254845,5.965928575,4.538480609,1.0,0.0,0.0
2.684440344,3.561428366,4.777849589,1.0,0.0,0.0
-0.149329271,5.27822662,6.581043861,1.0,0.0,0.0
1.80391141,4.104496446,5.49936048,1.0,0.0,0.0
1.859254299,3.960027029,7.338174845,1.0,0.0,0.0
2.725409787,4.783813362,5.119478613,1.0,0.0,0.0
2.665143452,6.805796079,7.345944788,1.0,0.0,0.0
2.175420786,4.336131845,6.241585742,1.0,0.0,0.0
1.840847364,3.993199692,7.092653411,1.0,0.0,0.0
1.674455269,4.559754751,5.388755157,1.0,0.0,0.0
1.72873161,1.711947143,5.582235539,1.0,0.0,0.0
4.167250065,5.744985703,6.256620367,1.0,0.0,0.0
2.828958196,1.163450841,7.168601593,1.0,0.0,0.0
5.70644139,0.085710313,4.198130724,1.0,0.0,0.0
2.077439632,5.926622363,7.26829709,1.0,0.0,0.0
2.232313611,3.821854023,5.853636929,1.0,0.0,0.0
1.740445559,4.057170746,6.472885426,1.0,0.0,0.0
0.567884304,3.317000252,4.768422768,1.0,0.0,0.0
2.151728903,5.87841474,4.675330216,1.0,0.0,0.0
1.317868056,4.400555777,7.106106772,1.0,0.0,0.0
0.004612719,2.158704008,5.627702264,1.0,0.0,0.0
1.94264539,6.646085161,3.595174506,1.0,0.0,0.0
1.627416212,3.064346537,7.388192721,1.0,0.0,0.0
-0.679162166,3.943387585,8.024062694,1.0,0.0,0.0
1.982978528,4.026998308,5.743704194,1.0,0.0,0.0
4.325024616,3.921427573,5.625475892,1.0,0.0,0.0
4.016229114,5.347183711,7.110208906,1.0,0.0,0.0
2.617051872,2.533181968,4.892822983,1.0,0.0,0.0
2.718015093,4.459178921,6.091945517,1.0,0.0,0.0
4.218979417,3.912332406,5.090670371,1.0,0.0,0.0
0.113665386,6.350264504,6.658163555,1.0,0.0,0.0
2.318211306,2.111599663,4.002420017,1.0,0.0,0.0
0.88438659,2.621210742,5.623673254,1.0,0.0,0.0
0.18700146,5.469066891,4.542673236,1.0,0.0,0.0
4.656358547,4.071141487,5.223709158,1.0,0.0,0.0
1.714205168,4.419230988,4.951118141,1.0,0.0,0.0
0.040579931,4.473162487,5.691374821,1.0,0.0,0.0
1.40171417,4.060092502,4.266422955,1.0,0.0,0.0
1.623860701,6.013451246,7.579501426,1.0,0.0,0.0
1.941880602,4.686451947,5.649092359,1.0,0.0,0.0
5.784699893,5.577936074,2.749810413,1.0,0.0,0.0
-0.129862938,6.596295097,3.465348294,1.0,0.0,0.0
1.485487861,3.716264952,2.10933984,1.0,0.0,0.0
2.758570276,2.960328143,4.880666507,1.0,0.0,0.0
3.135947801,4.206076724,4.722892487,1.0,0.0,0.0
-0.219934947,2.012574521,5.235529972,1.0,0.0,0.0
2.213023464,2.702699809,5.302385249,1.0,0.0,0.0
2.144881527,5.347585092,5.376938342,1.0,0.0,0.0
-0.550363538,5.691702866,4.990502325,1.0,0.0,0.0
2.530448348,5.501053305,5.121780924,1.0,0.0,0.0
1.562300895,3.357021713,4.849930633,1.0,0.0,0.0
2.295056269,5.349961988,5.306350533,1.0,0.0,0.0
0.958889732,3.435414078,2.648097126,1.0,0.0,0.0
0.97540163,2.428034973,9.095030345,1.0,0.0,0.0
2.830988626,2.510972073,10.49221657,1.0,0.0,0.0
3.81903028,3.531891657,5.213344318,1.0,0.0,0.0
1.731181083,5.538042984,6.553716916,1.0,0.0,0.0
1.899020987,1.747330013,7.260127338,1.0,0.0,0.0
1.565120086,2.759983138,4.893120865,1.0,0.0,0.0
2.943137015,4.104721888,7.658982101,1.0,0.0,0.0
3.883529176,4.554038022,6.30338093,1.0,0.0,0.0
4.1701556,4.114410049,6.484723212,1.0,0.0,0.0
3.264542188,2.577525428,5.746340798,1.0,0.0,0.0
-0.512758016,3.194274792,5.293489513,1.0,0.0,0.0
0.328463925,2.396956048,6.579088072,1.0,0.0,0.0
-0.157124599,2.833569474,6.543173792,1.0,0.0,0.0
2.017634474,3.177444105,4.817261162,1.0,0.0,0.0
2.245019738,2.088040461,5.698579554,1.0,0.0,0.0
4.550555887,5.785614014,7.505308152,1.0,0.0,0.0
1.922703716,3.436399352,3.547188866,1.0,0.0,0.0
1.360066473,3.265865983,8.624615542,1.0,0.0,0.0
3.311961822,4.993224748,6.985008855,1.0,0.0,0.0
2.813221639,1.563179394,5.687354061,1.0,0.0,0.0
3.769148359,1.511384302,4.689457025,1.0,0.0,0.0
1.254890753,7.15045905,6.401075485,1.0,0.0,0.0
0.13191721,3.845747673,7.673962076,1.0,0.0,0.0
2.89997918,4.491039004,8.584613549,1.0,0.0,0.0
3.850390454,5.801968897,4.756553407,1.0,0.0,0.0
-0.13106435,6.993740089,7.763578406,1.0,0.0,0.0
3.03371697,3.880747374,5.369110975,1.0,0.0,0.0
-0.636897027,5.508742794,7.916041263,1.0,0.0,0.0
2.214638841,0.872171962,3.912232348,1.0,0.0,0.0
0.450896931,4.679702047,7.207808989,1.0,0.0,0.0
2.429643255,3.098256839,5.828061076,1.0,0.0,0.0
2.835995348,5.687440959,6.391824426,1.0,0.0,0.0
1.347396088,3.851126059,4.599561561,1.0,0.0,0.0
4.732665581,4.551211025,4.621470904,1.0,0.0,0.0
2.986973676,5.570792221,4.91604023,1.0,0.0,0.0
1.519534765,3.637117303,6.446544116,1.0,0.0,0.0
3.897509797,2.15180931,6.78670514,1.0,0.0,0.0
2.891072773,3.638857701,6.101680291,1.0,0.0,0.0
5.581374898,1.182827925,3.41142236,1.0,0.0,0.0
0.255651569,3.881011659,6.272122789,1.0,0.0,0.0
1.557952535,3.454129548,8.026581041,1.0,0.0,0.0
2.914703861,3.448665119,4.192127494,1.0,0.0,0.0
3.79699562,3.067108429,7.559828516,1.0,0.0,0.0
-0.596664007,6.050416591,6.975974945,1.0,0.0,0.0
2.3575701,5.089712289,7.743345042,1.0,0.0,0.0
2.066000491,6.154944225,8.752130287,1.0,0.0,0.0
0.881525183,3.879423597,4.595244876,1.0,0.0,0.0
4.217522386,4.975959148,5.2011121,1.0,0.0,0.0
1.370716257,3.233349152,6.958570618,1.0,0.0,0.0
3.104892714,1.704318119,8.057294228,1.0,0.0,0.0
2.528173729,3.676664963,3.602462623,1.0,0.0,0.0
-0.434046568,2.535638901,4.542474384,1.0,0.0,0.0
2.806002155,2.083888953,5.354848073,1.0,0.0,0.0
3.050109482,5.464767364,6.871147769,1.0,0.0,0.0
1.128853566,3.723664665,7.314037014,1.0,0.0,0.0
2.31209417,5.031416446,5.421005129,1.0,0.0,0.0
1.041705435,4.538059178,6.333813561,1.0,0.0,0.0
2.021507774,5.446058687,6.513823338,1.0,0.0,0.0
1.820802691,6.139638066,5.57966387,1.0,0.0,0.0
2.775609193,4.317716613,6.046616441,1.0,0.0,0.0
3.018204819,7.113523153,8.859553885,1.0,0.0,0.0
1.779717451,6.264094621,7.617964279,1.0,0.0,0.0
2.954461712,1.96982832,8.411338039,1.0,0.0,0.0
1.642874462,1.362747567,5.540393078,1.0,0.0,0.0
1.15559681,4.636569726,6.835266404,1.0,0.0,0.0
5.751856123,5.551325616,4.75143601,1.0,0.0,0.0
3.055502669,5.248974457,5.982567897,1.0,0.0,0.0
-0.514827559,4.264978625,7.19976928,1.0,0.0,0.0
3.778957141,1.272083982,4.78293962,1.0,0.0,0.0
2.55600102,3.666624613,6.981028271,1.0,0.0,0.0
2.994297443,5.181050763,4.206657285,1.0,0.0,0.0
3.117203634,5.985800365,3.059097915,1.0,0.0,0.0
2.719329934,4.646458975,8.171634213,1.0,0.0,0.0
1.750320247,0.109336678,6.127192043,1.0,0.0,0.0
1.195328744,0.275461543,7.444642376,1.0,0.0,0.0
1.407577455,4.805158803,4.446323526,1.0,0.0,0.0
-0.420389957,5.512793335,5.024015202,1.0,0.0,0.0
1.572096034,1.302701294,6.277567981,1.0,0.0,0.0
1.519215469,6.409856947,4.883191584,1.0,0.0,0.0
4.379846094,3.49306761,6.144935935,1.0,0.0,0.0
1.904398199,3.592841631,4.143995084,1.0,0.0,0.0
1.3522471,2.292925278,6.486734374,1.0,0.0,0.0
5.91044634,1.523965092,6.629390486,1.0,0.0,0.0
0.020857915,6.125702901,6.654632678,1.0,0.0,0.0
3.80555671,3.201221325,7.504676347,1.0,0.0,0.0
3.377307292,4.473975617,5.238007933,1.0,0.0,0.0
3.278734065,5.410805736,5.876572781,1.0,0.0,0.0
0.833907626,2.864436238,5.439111651,1.0,0.0,0.0
2.882077043,2.765617319,6.341787616,1.0,0.0,0.0
3.722253131,2.503857835,6.5183047,1.0,0.0,0.0
0.876742432,4.897606458,7.184800729,1.0,0.0,0.0
2.667685792,2.714217474,7.131946947,1.0,0.0,0.0
3.117500788,4.518513797,6.304520448,1.0,0.0,0.0
3.80770787,6.291182217,4.932799214,1.0,0.0,0.0
1.88928103,2.48945321,6.227529944,1.0,0.0,0.0
0.027554612,4.695051194,6.861331503,1.0,0.0,0.0
1.742275541,1.748939071,7.491973339,1.0,0.0,0.0
1.607838565,1.1322715,6.903805588,1.0,0.0,0.0
1.870357759,0.224374251,7.807317278,1.0,0.0,0.0
0.421925046,6.175832316,4.339271471,1.0,0.0,0.0
1.233574164,5.03281405,6.694477707,1.0,0.0,0.0
4.779040408,2.910887943,5.861168025,1.0,0.0,0.0
1.553039624,2.422459903,6.433934304,1.0,0.0,0.0
-0.535684388,3.448724174,5.724414992,1.0,0.0,0.0
2.962095548,2.539659758,5.653558934,1.0,0.0,0.0
2.219712923,5.323627591,6.107562537,1.0,0.0,0.0
0.496665201,6.282176334,6.55108203,1.0,0.0,0.0
0.80562152,3.450674943,3.099932986,1.0,0.0,0.0
2.85378871,1.687945557,3.854797122,1.0,0.0,0.0
0.220058143,2.633276771,6.154645062,1.0,0.0,0.0
2.876998407,4.086516002,3.852147629,1.0,0.0,0.0
0.749580257,4.308793575,5.419511864,1.0,0.0,0.0
1.357500755,4.474356109,3.879067069,1.0,0.0,0.0
1.803682404,0.5745365,6.04985948,1.0,0.0,0.0
-0.16669928,5.238174463,6.180918261,1.0,0.0,0.0
1.544361417,4.418439657,6.233454966,1.0,0.0,0.0
0.228617358,2.875707767,6.118000217,1.0,0.0,0.0
2.819897497,3.201858125,7.469503202,1.0,0.0,0.0
-1.835749455,5.03780903,4.518419691,1.0,0.0,0.0
1.858680644,4.968448256,4.136752537,1.0,0.0,0.0
3.014299349,-1.386133576,6.044204041,1.0,0.0,0.0
3.407458902,2.392190713,4.846937203,1.0,0.0,0.0
0.20769589,3.587263639,7.27274735,1.0,0.0,0.0
2.847507505,3.074311057,4.482551182,1.0,0.0,0.0
0.207495243,4.505747191,5.567397998,1.0,0.0,0.0
-0.097649456,2.628559413,4.712466059,1.0,0.0,0.0
0.485312591,3.728685685,7.402396822,1.0,0.0,0.0
-0.271744297,3.316309057,6.312645982,1.0,0.0,0.0
5.76909367,4.36939509,6.891525122,1.0,0.0,0.0
2.262474527,4.197376768,6.727919065,1.0,0.0,0.0
3.109903563,4.987311373,7.65840606,1.0,0.0,0.0
3.472070348,0.610691403,6.533000967,1.0,0.0,0.0
1.693728979,1.373083751,5.279836977,1.0,0.0,0.0
3.690413081,6.642658349,5.7182122,1.0,0.0,0.0
2.639865927,6.918322398,5.196769432,1.0,0.0,0.0
-1.340551519,4.476510703,4.379498383,1.0,0.0,0.0
1.920866625,3.986473871,3.972522037,1.0,0.0,0.0
4.176606684,8.202879323,6.53738382,1.0,0.0,0.0
2.033624284,2.528162826,6.642128758,1.0,0.0,0.0
2.026264184,5.260684005,7.485682195,1.0,0.0,0.0
1.273113237,1.85438119,6.998986451,1.0,0.0,0.0
4.2358229,1.252470695,5.743286656,1.0,0.0,0.0
-0.746155745,4.630003737,6.628950006,1.0,0.0,0.0
1.313017457,5.028356609,5.14028738,1.0,0.0,0.0
0.800382055,2.711694803,4.56405988,1.0,0.0,0.0
-1.649481908,2.753703918,6.378298046,1.0,0.0,0.0
3.109794135,1.213116119,5.72479839,1.0,0.0,0.0
0.553674129,3.192295118,6.088219345,1.0,0.0,0.0
4.041264799,3.242009509,3.426681391,1.0,0.0,0.0
0.359982177,3.887168639,7.046729075,1.0,0.0,0.0
3.301591363,5.572502313,6.631554423,1.0,0.0,0.0
0.437403678,3.19216863,5.073654237,1.0,0.0,0.0
-0.176102372,4.941428393,4.457631098,1.0,0.0,0.0
5.391128248,2.423515672,3.132850368,1.0,0.0,0.0
2.634222951,4.449469437,9.125219072,1.0,0.0,0.0
1.796786538,1.746591909,7.573429327,1.0,0.0,0.0
1.744491374,2.034221864,4.179914965,1.0,0.0,0.0
1.979080268,4.102635625,4.770626629,1.0,0.0,0.0
1.752207653,3.959749791,6.865005393,1.0,0.0,0.0
-2.029471198,3.58300469,6.330278394,1.0,0.0,0.0
-0.866566026,5.157325755,5.225631342,1.0,0.0,0.0
1.466925014,4.824129418,7.19830394,1.0,0.0,0.0
3.841130558,2.765529459,7.34071397,1.0,0.0,0.0
-0.887820852,3.909359662,8.626843692,1.0,0.0,0.0
2.208455987,5.165074,5.747687801,1.0,0.0,0.0
2.724652765,1.917183129,7.332915842,1.0,0.0,0.0
3.601274977,3.387148828,5.029679849,1.0,0.0,0.0
1.890341668,3.257734078,9.15482276,1.0,0.0,0.0
4.344974587,4.733034877,5.494863941,1.0,0.0,0.0
1.579281482,1.348721777,8.329112964,1.0,0.0,0.0
3.826554391,4.11383629,3.729273092,1.0,0.0,0.0
3.045817,2.669293137,4.363301718,1.0,0.0,0.0
2.529515596,4.302502166,6.637024042,1.0,0.0,0.0
2.58763282,2.780396276,6.903880397,1.0,0.0,0.0
1.394449047,4.8978352,2.575130331,1.0,0.0,0.0
0.148494154,3.94234481,7.108336011,1.0,0.0,0.0
1.541771889,2.701938197,7.842389485,1.0,0.0,0.0
0.425836209,2.080412531,6.423055916,1.0,0.0,0.0
3.681054555,1.071539288,1.983387972,1.0,0.0,0.0
1.303673408,2.902443089,7.069046892,1.0,0.0,0.0
3.209478943,0.784225956,6.584094915,1.0,0.0,0.0
1.598900439,0.830586643,5.598395839,1.0,0.0,0.0
0.191372073,0.806363564,7.332834957,1.0,0.0,0.0
1.996623735,4.80922543,8.543163109,1.0,0.0,0.0
2.226223245,4.483305985,6.585877517,1.0,0.0,0.0
0.703499578,4.721201228,5.928373117,1.0,0.0,0.0
2.148407123,4.206699365,6.59524403,1.0,0.0,0.0
1.850255908,4.145286637,3.340623712,0.0,1.0,0.0
4.775602733,5.427635567,2.060571863,0.0,1.0,0.0
3.223531807,4.787086286,2.271126769,0.0,1.0,0.0
4.763370958,4.708318761,2.395616469,0.0,1.0,0.0
5.939407716,2.856875303,2.429438014,0.0,1.0,0.0
5.356305475,7.380693178,1.614146027,0.0,1.0,0.0
2.724222694,5.573992408,1.808528116,0.0,1.0,0.0
4.870204268,7.855658251,0.302902924,0.0,1.0,0.0
5.592768616,5.624185493,2.5675747,0.0,1.0,0.0
6.502408776,3.560222391,1.620929663,0.0,1.0,0.0
5.018148804,8.608880387,2.38153327,0.0,1.0,0.0
5.683177929,4.869715715,1.012662866,0.0,1.0,0.0
3.68979539,4.504703778,1.614329647,0.0,1.0,0.0
3.519022959,5.227611866,3.063433113,0.0,1.0,0.0
4.380422323,6.341986674,3.105052871,0.0,1.0,0.0
3.657475184,5.669449293,4.522065739,0.0,1.0,0.0
3.534131791,6.681496127,3.946848042,0.0,1.0,0.0
3.786969443,6.670886119,1.380706548,0.0,1.0,0.0
5.292820807,5.511746971,2.83625228,0.0,1.0,0.0
-0.839748434,9.550293825,3.630723163,0.0,1.0,0.0
2.370928866,8.079064751,-0.773641296,0.0,1.0,0.0
1.602140471,9.431001062,1.136896754,0.0,1.0,0.0
3.45395347,7.496955286,3.733248564,0.0,1.0,0.0
5.713112042,6.190093009,3.099042142,0.0,1.0,0.0
3.045989589,4.616698095,0.700157769,0.0,1.0,0.0
3.144225136,6.809911626,2.373565283,0.0,1.0,0.0
3.708342556,4.133546287,2.660598188,0.0,1.0,0.0
5.876830944,4.949682328,3.158411809,0.0,1.0,0.0
6.009755661,6.609998819,0.769860692,0.0,1.0,0.0
7.138071786,8.184725646,2.143764521,0.0,1.0,0.0
4.746024907,6.890292404,1.993491085,0.0,1.0,0.0
2.725465575,7.532927762,1.856201348,0.0,1.0,0.0
3.664537975,5.611770838,3.716534703,0.0,1.0,0.0
1.726684799,6.490096705,2.056469909,0.0,1.0,0.0
1.369345265,8.115723815,1.063629371,0.0,1.0,0.0
5.737064634,4.797427279,0.96570252,0.0,1.0,0.0
1.278176606,7.698172884,3.453366218,0.0,1.0,0.0
2.755590215,7.329443082,0.79297614,0.0,1.0,0.0
4.000996564,6.608126099,5.006755304,0.0,1.0,0.0
4.339245278,8.425917467,3.13653025,0.0,1.0,0.0
4.362977627,5.985204966,4.534402996,0.0,1.0,0.0
3.757291347,6.634600268,2.584470662,0.0,1.0,0.0
0.988669744,4.299644509,4.713213436,0.0,1.0,0.0
3.701543685,5.278829864,-0.944914092,0.0,1.0,0.0
4.199815635,7.462790549,3.464660172,0.0,1.0,0.0
7.099563545,4.409781393,3.371767259,0.0,1.0,0.0
6.478468229,3.641950009,2.243419825,0.0,1.0,0.0
3.728272089,5.718157692,1.857037213,0.0,1.0,0.0
4.084210008,5.080618978,2.15090756,0.0,1.0,0.0
5.72552846,6.754026363,0.336773536,0.0,1.0,0.0
4.755321113,8.515456867,1.585756018,0.0,1.0,0.0
2.090877807,3.361920824,3.152604664,0.0,1.0,0.0
6.140590221,5.684709804,0.859367504,0.0,1.0,0.0
3.82119114,4.701477985,-1.562977802,0.0,1.0,0.0
4.594841161,6.332243635,3.646571772,0.0,1.0,0.0
5.065655247,5.328840577,0.932341594,0.0,1.0,0.0
2.225204335,3.854890555,4.416524747,0.0,1.0,0.0
6.240095638,6.245101612,1.425999675,0.0,1.0,0.0
2.761610731,7.451628675,1.555313936,0.0,1.0,0.0
3.321273565,5.136981255,1.455705122,0.0,1.0,0.0
8.927379971,6.321329513,2.074953915,0.0,1.0,0.0
4.1005197,6.323755373,2.54346008,0.0,1.0,0.0
6.371810384,5.545665393,1.472773385,0.0,1.0,0.0
6.852118948,4.625635413,-0.231251364,0.0,1.0,0.0
1.302166288,6.135824441,0.701750441,0.0,1.0,0.0
5.483270916,7.509441989,5.326884003,0.0,1.0,0.0
0.888283337,5.273072772,-0.702751809,0.0,1.0,0.0
5.119773243,4.088771813,1.790751405,0.0,1.0,0.0
5.838192267,6.197540358,-0.3645872,0.0,1.0,0.0
7.222443316,4.707008078,2.912627723,0.0,1.0,0.0
3.920394053,9.329118167,0.534867716,0.0,1.0,0.0
3.136396232,4.585711088,-0.801046869,0.0,1.0,0.0
5.451777276,4.161886931,2.158810803,0.0,1.0,0.0
1.840289364,4.917368971,1.170416583,0.0,1.0,0.0
3.846688381,8.228007494,3.754124027,0.0,1.0,0.0
1.940276638,6.760784989,2.144383528,0.0,1.0,0.0
3.288284578,9.561770159,2.633894358,0.0,1.0,0.0
4.305473932,7.271784427,-0.592403596,0.0,1.0,0.0
2.008388546,5.799720844,3.278602938,0.0,1.0,0.0
5.230595052,7.141111105,3.69789005,0.0,1.0,0.0
2.054280638,6.935502455,0.575509326,0.0,1.0,0.0
3.621710129,5.693931549,1.390098153,0.0,1.0,0.0
6.002328032,5.799954437,2.709522308,0.0,1.0,0.0
3.650777117,5.567979057,1.824431146,0.0,1.0,0.0
2.849734662,7.039856124,0.660762793,0.0,1.0,0.0
3.636181652,8.33043443,1.264542231,0.0,1.0,0.0
4.260990841,7.35686066,2.960362185,0.0,1.0,0.0
6.466553034,6.058073561,4.869167424,0.0,1.0,0.0
2.750834636,6.726235593,0.400273587,0.0,1.0,0.0
4.012170449,5.067578744,2.525253514,0.0,1.0,0.0
5.791437619,6.432516066,3.245041683,0.0,1.0,0.0
3.823637081,3.925286664,1.035830426,0.0,1.0,0.0
5.752326103,5.591224196,2.786786199,0.0,1.0,0.0
5.035182172,4.358179791,2.503599095,0.0,1.0,0.0
3.945652209,6.668880857,1.289356049,0.0,1.0,0.0
1.719064013,7.168383728,2.387171742,0.0,1.0,0.0
4.799253088,7.356742786,2.673902603,0.0,1.0,0.0
2.406236305,7.631052374,2.692144588,0.0,1.0,0.0
3.176822916,6.732172617,3.395048941,0.0,1.0,0.0
4.819720602,3.630241508,0.849573824,0.0,1.0,0.0
3.032419616,3.814322874,1.561026972,0.0,1.0,0.0
-0.235153396,6.492429092,1.783886166,0.0,1.0,0.0
4.857553708,8.782680975,-0.209248153,0.0,1.0,0.0
2.764760758,5.227974285,3.162527941,0.0,1.0,0.0
4.390465798,6.202192906,1.761105481,0.0,1.0,0.0
4.992813704,4.203325472,5.140151702,0.0,1.0,0.0
3.36016332,9.194943058,3.670645707,0.0,1.0,0.0
1.556607014,3.557743358,-0.144848938,0.0,1.0,0.0
2.319370304,8.795249027,3.306230057,0.0,1.0,0.0
1.988363775,7.613948881,-0.110460841,0.0,1.0,0.0
2.686816305,5.654729598,1.30490592,0.0,1.0,0.0
3.451366441,9.574321282,1.569062013,0.0,1.0,0.0
3.246028277,9.021185105,1.235116049,0.0,1.0,0.0
4.688586472,4.610124337,0.787443078,0.0,1.0,0.0
3.504731713,4.798650491,2.087082016,0.0,1.0,0.0
5.215393422,5.419039758,1.138972783,0.0,1.0,0.0
3.834932535,5.67865094,-0.086752325,0.0,1.0,0.0
5.125624492,6.847466817,3.012049789,0.0,1.0,0.0
4.080909183,5.984023177,0.049239794,0.0,1.0,0.0
4.330789834,6.027315911,1.612824946,0.0,1.0,0.0
2.452611258,3.267410021,4.026074042,0.0,1.0,0.0
5.449900786,5.313264382,3.687161205,0.0,1.0,0.0
5.369091647,4.479908442,0.542512527,0.0,1.0,0.0
6.545879845,5.946667408,0.893546236,0.0,1.0,0.0
1.230765403,5.211585442,4.470921699,0.0,1.0,0.0
3.481980209,6.655261365,-0.686232922,0.0,1.0,0.0
2.635076746,6.427615292,1.485688357,0.0,1.0,0.0
4.551202619,4.30342624,3.115760259,0.0,1.0,0.0
3.817165648,5.467310405,0.877282078,0.0,1.0,0.0
6.023591189,7.317787537,0.002576856,0.0,1.0,0.0
5.535979654,6.650094819,4.406442441,0.0,1.0,0.0
2.149466782,4.26022612,0.478509064,0.0,1.0,0.0
2.853423713,5.724695395,2.318322851,0.0,1.0,0.0
5.278217156,7.469389546,1.627899758,0.0,1.0,0.0
3.459274427,7.904711814,2.879326186,0.0,1.0,0.0
5.063291075,6.540697617,3.071568342,0.0,1.0,0.0
5.735779111,6.614749762,0.530667193,0.0,1.0,0.0
5.566712265,4.334863059,-0.40372295,0.0,1.0,0.0
5.462212539,4.395499859,2.608701537,0.0,1.0,0.0
4.458344963,1.04030874,3.019403965,0.0,1.0,0.0
3.221703587,4.957882425,4.773771729,0.0,1.0,0.0
3.481226869,6.986170892,1.766368091,0.0,1.0,0.0
6.157225227,6.825320099,0.758377269,0.0,1.0,0.0
3.828700571,5.302381384,1.725921898,0.0,1.0,0.0
4.79140272,6.524656432,0.951734319,0.0,1.0,0.0
6.101589133,7.902871216,2.345635144,0.0,1.0,0.0
4.318330131,6.220038214,1.990506598,0.0,1.0,0.0
4.661737829,7.627435197,3.387788407,0.0,1.0,0.0
6.064981839,5.95177792,2.070206913,0.0,1.0,0.0
5.568428025,4.079838059,2.634277183,0.0,1.0,0.0
3.754576099,5.67785549,6.089783989,0.0,1.0,0.0
5.309327418,6.162299164,2.070838574,0.0,1.0,0.0
3.76194161,7.258122515,0.249811653,0.0,1.0,0.0
4.503921725,6.581051604,1.641418378,0.0,1.0,0.0
5.529788575,6.705297933,2.114054099,0.0,1.0,0.0
4.708720581,2.911061553,1.035186623,0.0,1.0,0.0
5.269799417,6.832528551,2.24257822,0.0,1.0,0.0
2.582280132,4.310270953,2.072493054,0.0,1.0,0.0
3.367031407,9.658321152,1.64596986,0.0,1.0,0.0
5.649483307,5.953870374,4.175066459,0.0,1.0,0.0
2.585392171,5.356845987,2.656691385,0.0,1.0,0.0
4.574167359,4.443146454,-0.090838645,0.0,1.0,0.0
4.99170863,6.589575964,2.739834231,0.0,1.0,0.0
4.757573758,6.317514489,1.099320708,0.0,1.0,0.0
3.22452431,2.973310157,2.73572954,0.0,1.0,0.0
5.227604064,6.936720128,5.273861515,0.0,1.0,0.0
0.810668999,5.873857173,1.376500032,0.0,1.0,0.0
4.506429897,6.243756497,1.713921271,0.0,1.0,0.0
4.612010808,6.084564725,0.677759592,0.0,1.0,0.0
3.605935907,3.158805747,1.454848955,0.0,1.0,0.0
2.76076612,5.408608849,2.959294348,0.0,1.0,0.0
4.038644831,5.747642542,3.450373095,0.0,1.0,0.0
4.466823661,5.84347058,4.475129374,0.0,1.0,0.0
4.431578898,8.000028536,3.411104531,0.0,1.0,0.0
1.902661966,6.448290511,3.595343021,0.0,1.0,0.0
1.503936267,7.067573468,1.683274719,0.0,1.0,0.0
6.081857362,2.402394476,4.615831534,0.0,1.0,0.0
2.248696403,5.066675559,1.689032125,0.0,1.0,0.0
4.620746148,4.490655081,1.310177872,0.0,1.0,0.0
3.150330084,7.640877171,3.519341222,0.0,1.0,0.0
3.8447575,7.523086992,2.555057945,0.0,1.0,0.0
4.21518279,4.443545431,1.922653239,0.0,1.0,0.0
6.555057338,5.032652791,-0.063567954,0.0,1.0,0.0
3.814442571,4.567121976,1.377701469,0.0,1.0,0.0
2.959893381,5.200449103,0.560598449,0.0,1.0,0.0
6.332297033,5.035244547,2.369201436,0.0,1.0,0.0
4.047506297,4.852314934,-0.260416191,0.0,1.0,0.0
0.449933091,4.639985732,4.185110123,0.0,1.0,0.0
4.198292227,2.72993263,0.082674301,0.0,1.0,0.0
3.626277558,3.379578943,4.082751788,0.0,1.0,0.0
4.191722197,4.876266782,4.535568255,0.0,1.0,0.0
4.159654728,3.965136747,0.594008016,0.0,1.0,0.0
5.484040241,6.23136196,2.98551558,0.0,1.0,0.0
2.648677413,9.376326559,1.777288106,0.0,1.0,0.0
5.200404262,6.35239639,2.361397279,0.0,1.0,0.0
4.731134594,6.18241328,1.314460313,0.0,1.0,0.0
1.227652136,7.550324179,2.685879718,0.0,1.0,0.0
2.397816781,4.836821828,0.328437038,0.0,1.0,0.0
3.022300932,7.27958453,2.309579515,0.0,1.0,0.0
4.878662528,7.578537946,5.658700102,0.0,1.0,0.0
2.182858064,8.953148782,4.893103349,0.0,1.0,0.0
2.108938807,4.643233782,1.886551173,0.0,1.0,0.0
2.671095402,5.592808709,1.999541086,0.0,1.0,0.0
5.855338323,5.755276646,2.888726157,0.0,1.0,0.0
4.280939049,3.102325218,-1.111930556,0.0,1.0,0.0
2.127582413,3.249275868,1.844656087,0.0,1.0,0.0
4.144581347,6.455808057,1.145300732,0.0,1.0,0.0
3.900739464,5.823284296,1.656634197,0.0,1.0,0.0
4.092193589,4.634069086,3.166463857,0.0,1.0,0.0
1.019236663,9.39319251,3.881417055,0.0,1.0,0.0
4.868978622,3.329670118,1.920650402,0.0,1.0,0.0
3.972544367,5.246433789,3.024990371,0.0,1.0,0.0
4.303482248,4.650813091,0.866823177,0.0,1.0,0.0
5.674887106,4.001648597,0.636747829,0.0,1.0,0.0
2.632886442,4.688917311,2.386874879,0.0,1.0,0.0
3.487726215,7.237114563,1.853539814,0.0,1.0,0.0
5.557599816,4.483879767,2.212530638,0.0,1.0,0.0
6.06241541,4.409444245,-0.820254248,0.0,1.0,0.0
6.55005237,6.448345934,0.559742888,0.0,1.0,0.0
5.192237146,6.356783549,2.642627155,0.0,1.0,0.0
4.957754156,7.842677864,1.459095553,0.0,1.0,0.0
5.680978209,5.955091413,1.3664632,0.0,1.0,0.0
5.662733288,4.960342488,1.133081669,0.0,1.0,0.0
4.444847669,5.479347452,-0.63866632,0.0,1.0,0.0
3.809032347,5.36644038,1.629926268,0.0,1.0,0.0
3.250612488,8.044204838,-0.0656913,0.0,1.0,0.0
5.53853397,4.620350357,2.574420555,0.0,1.0,0.0
2.338818852,4.715753422,2.76787398,0.0,1.0,0.0
6.039347107,4.322922065,1.148763626,0.0,1.0,0.0
4.657661943,4.744420763,1.214788511,0.0,1.0,0.0
3.426234812,4.407741377,1.905209554,0.0,1.0,0.0
1.184775862,4.250213006,3.488126029,0.0,1.0,0.0
3.641646996,8.996180342,0.912716746,0.0,1.0,0.0
6.215585186,8.706236672,0.94171191,0.0,1.0,0.0
4.411741705,2.993116483,1.347446593,0.0,1.0,0.0
3.631755886,5.21108829,1.390183363,0.0,1.0,0.0
4.428793005,4.78750566,2.100742556,0.0,1.0,0.0
0.950043866,6.73547873,2.869268557,0.0,1.0,0.0
2.938438012,4.744563421,1.815020377,0.0,1.0,0.0
1.850462423,6.714970817,3.479862163,0.0,1.0,0.0
3.105516486,3.787912958,2.99662516,0.0,1.0,0.0
6.126593548,0.382761799,0.785264309,0.0,1.0,0.0
2.400127366,4.278749611,3.817926241,0.0,1.0,0.0
4.004573206,4.014914645,4.076117071,0.0,1.0,0.0
6.04695361,5.557905719,3.606764263,0.0,1.0,0.0
4.304361356,6.270262465,0.499860835,0.0,1.0,0.0
2.436402215,7.195696091,1.970703138,0.0,1.0,0.0
4.203173439,4.849357616,-0.436014692,0.0,1.0,0.0
5.455671792,7.012751024,2.783811278,0.0,1.0,0.0
4.006380938,4.972495236,0.929478137,0.0,1.0,0.0
7.427674678,4.758882259,1.249136402,0.0,1.0,0.0
4.213056591,3.98125773,0.918631232,0.0,1.0,0.0
0.551398571,6.636808943,4.104289366,0.0,1.0,0.0
5.851508023,5.780996175,6.107888393,0.0,1.0,0.0
1.645891872,5.071640865,3.134499302,0.0,1.0,0.0
5.924911008,5.888694549,-0.441308104,0.0,1.0,0.0
1.171815914,7.404652632,0.810554132,0.0,1.0,0.0
5.282573932,6.227227809,2.659454938,0.0,1.0,0.0
3.441317423,5.84637111,2.709999185,0.0,1.0,0.0
3.818649483,7.455723787,3.460456759,0.0,1.0,0.0
5.396247906,6.90115491,4.433923907,0.0,1.0,0.0
3.772642497,7.104985297,1.596960839,0.0,1.0,0.0
4.009494743,4.830754751,4.15049644,0.0,1.0,0.0
6.727228834,3.773393256,1.217856594,0.0,1.0,0.0
4.30603201,4.310090637,3.702812421,0.0,1.0,0.0
5.545291665,4.540974539,0.786722594,0.0,1.0,0.0
6.159524269,5.29640101,-0.278902549,0.0,1.0,0.0
3.578139459,6.858236522,1.724980192,0.0,1.0,0.0
4.328991214,5.586590419,4.300016539,0.0,1.0,0.0
1.936922403,8.744511412,0.248780931,0.0,1.0,0.0
4.525576851,3.752146681,1.775728141,0.0,1.0,0.0
5.680255206,4.548019809,4.856050253,0.0,1.0,0.0
3.29213282,6.457145031,2.609643313,0.0,1.0,0.0
3.329687519,6.506681922,0.139735427,0.0,1.0,0.0
3.207959555,5.147648898,1.065812114,0.0,1.0,0.0
4.900806911,9.967406917,0.698346687,0.0,1.0,0.0
2.925886606,7.103382727,4.425981577,0.0,1.0,0.0
5.870536312,6.00258265,2.170182913,0.0,1.0,0.0
1.650833726,6.223040822,-0.137785832,0.0,1.0,0.0
3.854823225,4.625613866,1.59593772,0.0,1.0,0.0
4.988128731,8.093032486,0.586467257,0.0,1.0,0.0
5.537334754,4.970354992,3.074707534,0.0,1.0,0.0
5.163458152,6.871319988,1.256689794,0.0,1.0,0.0
5.887493324,4.532950634,4.490677064,0.0,1.0,0.0
4.187126402,5.908784084,0.055743308,0.0,1.0,0.0
1.527886302,5.145124046,2.769306283,0.0,1.0,0.0
2.35211165,6.285361732,1.628877815,0.0,1.0,0.0
5.656502653,3.898817776,3.521734757,0.0,1.0,0.0
3.506012993,4.050278325,1.261308256,0.0,1.0,0.0
5.303462356,6.649253915,2.086796124,0.0,1.0,0.0
3.868884945,3.573780714,1.030371803,0.0,1.0,0.0
3.738327336,3.911179983,1.05525225,0.0,1.0,0.0
4.200108946,4.662463974,0.20298298,0.0,1.0,0.0
4.349722608,5.278947863,-0.368101889,0.0,1.0,0.0
6.365356339,5.440690262,0.728646651,0.0,1.0,0.0
6.649097132,6.666717429,-1.094768382,0.0,1.0,0.0
5.652172237,6.544146559,2.432736037,0.0,1.0,0.0
6.991284908,6.376272827,0.586114582,0.0,1.0,0.0
2.96552569,4.883089176,3.513468193,0.0,1.0,0.0
3.424262934,5.355986354,2.360270598,0.0,1.0,0.0
7.414739122,3.081145562,6.803131314,0.0,0.0,1.0
6.792378572,5.398730495,2.277171138,0.0,0.0,1.0
4.642279947,5.084555338,5.449334974,0.0,0.0,1.0
4.142668972,1.492119745,4.521197904,0.0,0.0,1.0
7.780814594,2.34229043,1.882126927,0.0,0.0,1.0
6.29020879,3.462115038,8.393772791,0.0,0.0,1.0
4.68093486,1.812407859,5.043808456,0.0,0.0,1.0
6.876184429,1.801886212,1.271483119,0.0,0.0,1.0
2.926257521,-0.493299125,3.819498902,0.0,0.0,1.0
4.889703145,3.686385476,5.118661364,0.0,0.0,1.0
6.395708653,2.024692386,6.787525629,0.0,0.0,1.0
8.041863921,1.512398005,3.075974643,0.0,0.0,1.0
5.526155175,1.124397723,3.926890023,0.0,0.0,1.0
4.276043744,1.547683212,4.591218956,0.0,0.0,1.0
4.690385833,3.664204974,6.006718763,0.0,0.0,1.0
6.520102053,1.488615059,5.403303624,0.0,0.0,1.0
6.462099902,2.174521405,5.603643578,0.0,0.0,1.0
5.934067232,1.897491933,4.41529132,0.0,0.0,1.0
5.691103212,1.824873542,3.319999535,0.0,0.0,1.0
3.737922128,1.41927866,3.680557429,0.0,0.0,1.0
6.1446096,0.714592304,6.225242084,0.0,0.0,1.0
6.673942399,1.16461449,2.794805003,0.0,0.0,1.0
3.65767851,2.015449441,3.596741493,0.0,0.0,1.0
6.431958685,0.600481567,5.209789386,0.0,0.0,1.0
3.832914349,1.917024748,3.194369864,0.0,0.0,1.0
5.684420591,-0.398675671,4.484481495,0.0,0.0,1.0
3.447400051,2.922299772,3.193401739,0.0,0.0,1.0
5.062651932,-0.859522791,5.543574799,0.0,0.0,1.0
5.568353717,5.047987449,4.590624328,0.0,0.0,1.0
6.710918836,1.170997204,2.981339824,0.0,0.0,1.0
4.004048287,4.225471754,2.087393464,0.0,0.0,1.0
6.625220192,5.083764923,4.445793272,0.0,0.0,1.0
5.520848932,-0.699487852,3.236292197,0.0,0.0,1.0
3.351870827,2.874562701,7.229890067,0.0,0.0,1.0
2.114288524,1.603289342,3.144530479,0.0,0.0,1.0
5.810702173,1.424584493,2.466278307,0.0,0.0,1.0
4.092997757,3.257969463,3.57233353,0.0,0.0,1.0
5.08281494,-0.434525648,5.280979381,0.0,0.0,1.0
5.067451459,1.312596463,2.940995034,0.0,0.0,1.0
4.477956653,0.944644355,2.143051396,0.0,0.0,1.0
7.485356076,3.768669042,1.969149578,0.0,0.0,1.0
4.851675797,2.180112537,6.511015619,0.0,0.0,1.0
4.563223031,4.589428194,4.384625756,0.0,0.0,1.0
4.759589687,2.370656881,2.875471978,0.0,0.0,1.0
6.805975469,2.884657288,8.823896222,0.0,0.0,1.0
3.798835946,1.272997393,5.521915558,0.0,0.0,1.0
5.014353714,2.956638513,3.977112902,0.0,0.0,1.0
6.401929363,3.943986922,5.073719167,0.0,0.0,1.0
9.07204139,-1.122171905,3.805758645,0.0,0.0,1.0
5.467195182,0.91767488,5.470892903,0.0,0.0,1.0
5.91385542,1.036066328,3.772461119,0.0,0.0,1.0
7.705477493,5.654696891,2.534638064,0.0,0.0,1.0
7.917777982,1.589348879,3.576915697,0.0,0.0,1.0
6.646162287,0.367699032,3.56299912,0.0,0.0,1.0
3.986861839,4.928589684,5.393195861,0.0,0.0,1.0
4.127875433,3.331876554,2.200184299,0.0,0.0,1.0
1.984828993,-0.454145669,3.6163356,0.0,0.0,1.0
6.134590136,-0.535539948,5.434530487,0.0,0.0,1.0
7.516133919,1.387108976,2.589661531,0.0,0.0,1.0
6.724925397,1.565217719,6.702010856,0.0,0.0,1.0
7.558485476,0.248743536,2.100936888,0.0,0.0,1.0
5.499854292,3.353234723,4.357786574,0.0,0.0,1.0
8.953206224,0.710379499,2.493441336,0.0,0.0,1.0
7.466801862,1.225577989,3.679802825,0.0,0.0,1.0
6.94557443,2.158253107,5.601139361,0.0,0.0,1.0
4.650229789,2.475425722,3.972788706,0.0,0.0,1.0
7.027103014,2.916650492,6.647840607,0.0,0.0,1.0
5.608424564,3.533195973,4.387571795,0.0,0.0,1.0
5.064015584,1.059972765,7.058962212,0.0,0.0,1.0
3.813215789,3.525279966,1.991976974,0.0,0.0,1.0
4.702808315,3.518624609,5.457609478,0.0,0.0,1.0
6.229616328,-0.62665907,5.91681748,0.0,0.0,1.0
3.930618703,1.900470869,3.284442609,0.0,0.0,1.0
4.770064625,-1.088719188,3.9394459,0.0,0.0,1.0
4.943966825,1.772618784,6.717124087,0.0,0.0,1.0
2.91440477,2.681952348,5.185964382,0.0,0.0,1.0
8.459797779,1.8755538,0.482805185,0.0,0.0,1.0
7.283323922,1.981274983,3.77781489,0.0,0.0,1.0
7.013094105,5.723786036,5.559383929,0.0,0.0,1.0
4.864709362,2.898509681,6.907057731,0.0,0.0,1.0
2.762329395,2.142152315,5.653388372,0.0,0.0,1.0
2.987282031,3.750447103,3.901943082,0.0,0.0,1.0
4.457113806,1.300638926,2.938878503,0.0,0.0,1.0
5.911486028,1.380257936,3.474701277,0.0,0.0,1.0
6.099833605,1.028658929,1.343227554,0.0,0.0,1.0
5.586505755,0.468899165,4.70184585,0.0,0.0,1.0
7.129495436,1.985898282,2.399899579,0.0,0.0,1.0
7.193486207,0.474568455,4.240449142,0.0,0.0,1.0
3.285437469,2.522101131,3.773971332,0.0,0.0,1.0
4.743220697,-0.454718259,2.247310691,0.0,0.0,1.0
7.288218321,0.759882762,4.882274452,0.0,0.0,1.0
5.270369884,3.627037859,5.068649752,0.0,0.0,1.0
8.488653857,0.715362443,4.05237638,0.0,0.0,1.0
5.347485167,2.039929812,2.920721001,0.0,0.0,1.0
0.135864575,4.756771915,2.817677535,0.0,0.0,1.0
6.552651606,1.048632517,1.889290128,0.0,0.0,1.0
4.088727965,1.020571502,3.03503702,0.0,0.0,1.0
2.812919533,1.73603166,5.514355211,0.0,0.0,1.0
3.1701751,4.769109505,5.213245071,0.0,0.0,1.0
4.355188065,3.25978445,4.225356294,0.0,0.0,1.0
5.92567076,3.593893554,3.982535082,0.0,0.0,1.0
6.540790067,1.190449382,6.013665609,0.0,0.0,1.0
4.349658154,3.701197215,2.783746784,0.0,0.0,1.0
2.896477214,2.358192733,6.99975225,0.0,0.0,1.0
6.096422725,3.749420274,5.518237707,0.0,0.0,1.0
5.982141746,-0.363656015,4.93548279,0.0,0.0,1.0
5.398632652,1.178557058,2.558223289,0.0,0.0,1.0
6.149003169,3.301617265,4.307654167,0.0,0.0,1.0
6.262499024,2.003281277,5.396684732,0.0,0.0,1.0
7.317098415,-0.165774665,6.007205427,0.0,0.0,1.0
6.741485269,1.841814303,5.639976049,0.0,0.0,1.0
6.75149102,1.779089113,2.748804733,0.0,0.0,1.0
7.139354561,1.062956783,4.361893076,0.0,0.0,1.0
7.157163491,3.785338889,5.787520235,0.0,0.0,1.0
5.960539996,2.299231832,3.518884794,0.0,0.0,1.0
3.72181098,2.938703901,2.86505738,0.0,0.0,1.0
5.849449382,3.303192194,3.31198015,0.0,0.0,1.0
6.93430714,0.471658489,3.719574052,0.0,0.0,1.0
4.791007401,2.313633113,6.10769135,0.0,0.0,1.0
7.45011083,1.776914949,3.195793143,0.0,0.0,1.0
5.871712576,-0.334986138,3.344145912,0.0,0.0,1.0
6.438997787,3.327128009,1.925853937,0.0,0.0,1.0
5.333453844,2.49045899,2.622150713,0.0,0.0,1.0
5.632919357,2.336182389,3.953654551,0.0,0.0,1.0
4.39001069,3.124917603,4.422541591,0.0,0.0,1.0
4.000273316,3.821257836,4.792988415,0.0,0.0,1.0
5.88696811,2.179418612,3.274118861,0.0,0.0,1.0
6.549565705,0.20891155,6.349769852,0.0,0.0,1.0
6.537430282,2.809122854,4.680100553,0.0,0.0,1.0
6.75872507,5.634577516,4.662846313,0.0,0.0,1.0
7.400661956,3.105047814,4.417976057,0.0,0.0,1.0
7.511648118,2.058529867,3.660663492,0.0,0.0,1.0
5.606479647,2.294430609,3.408130225,0.0,0.0,1.0
4.910697609,1.43953594,4.381468123,0.0,0.0,1.0
8.523698706,3.433610859,4.555969594,0.0,0.0,1.0
4.028202691,5.397076634,5.433347529,0.0,0.0,1.0
5.700469894,3.361687606,4.656218772,0.0,0.0,1.0
4.256594362,4.705966539,4.886929409,0.0,0.0,1.0
5.017419792,2.959314048,2.042889901,0.0,0.0,1.0
4.325480467,2.579448428,5.090584857,0.0,0.0,1.0
3.701968492,2.578654902,0.545905419,0.0,0.0,1.0
3.904617835,0.417916769,4.487154162,0.0,0.0,1.0
5.896453519,0.657789869,4.55578706,0.0,0.0,1.0
1.37648561,1.697685912,0.271783674,0.0,0.0,1.0
6.60351908,0.551389979,2.685173428,0.0,0.0,1.0
6.976527186,2.663770695,1.491298538,0.0,0.0,1.0
5.312858711,1.642555001,6.747719318,0.0,0.0,1.0
4.33061876,4.719792935,2.934888341,0.0,0.0,1.0
4.476865611,3.025177972,5.234965458,0.0,0.0,1.0
5.121276419,1.304160046,5.201766325,0.0,0.0,1.0
6.571917012,-2.818374976,4.097421694,0.0,0.0,1.0
6.356092788,2.462417416,4.260831072,0.0,0.0,1.0
6.776872564,5.046148248,3.509134371,0.0,0.0,1.0
5.485526636,2.549138394,4.121837373,0.0,0.0,1.0
3.257219863,1.542260095,3.049814759,0.0,0.0,1.0
5.081841404,2.324360259,4.320044334,0.0,0.0,1.0
5.666810555,0.676614809,3.378013326,0.0,0.0,1.0
7.434615567,1.401335435,3.382355211,0.0,0.0,1.0
7.427222667,3.652982121,7.039283946,0.0,0.0,1.0
7.393596517,1.369598961,0.720865249,0.0,0.0,1.0
6.119752989,1.968538928,2.079820438,0.0,0.0,1.0
6.702715045,4.116913477,2.736974976,0.0,0.0,1.0
7.482052542,1.521577102,5.591297213,0.0,0.0,1.0
4.051897368,3.548872565,4.563333989,0.0,0.0,1.0
5.418623977,4.540456469,4.385151759,0.0,0.0,1.0
5.299284157,2.973680575,1.963811094,0.0,0.0,1.0
4.025811553,1.88764714,1.57396572,0.0,0.0,1.0
7.615146781,3.683150388,5.612540981,0.0,0.0,1.0
6.993142063,2.027009469,2.335574658,0.0,0.0,1.0
3.354730488,1.192972239,3.224678032,0.0,0.0,1.0
7.319162055,1.43705201,2.956203203,0.0,0.0,1.0
5.516440649,3.889054923,2.102633266,0.0,0.0,1.0
6.087481384,2.063370258,4.273670521,0.0,0.0,1.0
4.383579212,-1.149732128,3.756293555,0.0,0.0,1.0
7.12566666,1.095291902,5.242303531,0.0,0.0,1.0
7.693137563,1.339966699,4.814030716,0.0,0.0,1.0
6.38057397,0.257918607,2.657053737,0.0,0.0,1.0
7.146014262,3.196567435,2.735559405,0.0,0.0,1.0
4.847250533,-0.409799143,4.847372287,0.0,0.0,1.0
3.105923553,1.580037775,4.28078102,0.0,0.0,1.0
5.126332042,1.515168883,5.615806211,0.0,0.0,1.0
3.935721422,0.83848172,2.827343877,0.0,0.0,1.0
5.626897743,1.874051668,2.177102596,0.0,0.0,1.0
5.79152668,2.229060959,3.295419943,0.0,0.0,1.0
6.540394413,0.341635581,4.939384525,0.0,0.0,1.0
3.950876519,-0.114634991,3.013103741,0.0,0.0,1.0
5.380618936,3.699772613,7.452095859,0.0,0.0,1.0
5.088315994,2.121294286,4.134754629,0.0,0.0,1.0
5.328567582,1.373326481,2.71479314,0.0,0.0,1.0
5.17279571,0.688054666,6.071910549,0.0,0.0,1.0
3.329360777,1.526037129,2.933634796,0.0,0.0,1.0
6.440238845,0.048602397,4.097724671,0.0,0.0,1.0
3.750519079,2.423671275,2.96746439,0.0,0.0,1.0
5.897378136,1.647086568,4.452431302,0.0,0.0,1.0
3.765638703,0.360761773,5.678483175,0.0,0.0,1.0
4.884010875,1.532807651,4.436267299,0.0,0.0,1.0
7.269546314,4.105400581,7.124202947,0.0,0.0,1.0
7.10261432,1.583667424,7.338858024,0.0,0.0,1.0
6.580899613,3.590867159,3.152195537,0.0,0.0,1.0
2.921344779,3.453243931,3.728064146,0.0,0.0,1.0
4.91519524,1.08153233,2.792269944,0.0,0.0,1.0
3.837252153,1.536118788,4.57571411,0.0,0.0,1.0
5.49926242,1.754870303,5.96719414,0.0,0.0,1.0
7.517255603,2.307171484,4.20290178,0.0,0.0,1.0
6.025587707,1.379605373,4.232101739,0.0,0.0,1.0
7.069938141,1.082024749,2.414307707,0.0,0.0,1.0
8.885496828,3.576666094,5.015067188,0.0,0.0,1.0
4.424433171,2.216443857,6.817208277,0.0,0.0,1.0
7.288403244,0.134634807,5.393986833,0.0,0.0,1.0
6.590251907,2.072284686,2.932909742,0.0,0.0,1.0
5.179451815,1.596400966,5.591685398,0.0,0.0,1.0
5.345593774,1.212677796,3.22067432,0.0,0.0,1.0
7.520689629,1.863251387,1.938153429,0.0,0.0,1.0
6.408492772,3.1016121,2.81291454,0.0,0.0,1.0
5.199477252,1.544970429,6.123639109,0.0,0.0,1.0
8.759739103,3.940120957,3.100287305,0.0,0.0,1.0
6.541774612,0.026500161,2.818828437,0.0,0.0,1.0
4.538869888,4.086544994,3.02008655,0.0,0.0,1.0
4.129186217,1.193960279,6.340667426,0.0,0.0,1.0
3.785787482,1.116440055,5.106063418,0.0,0.0,1.0
4.72625828,0.714923698,4.482278812,0.0,0.0,1.0
6.832379298,-2.009143054,4.418313422,0.0,0.0,1.0
3.886243839,3.654853019,3.410243064,0.0,0.0,1.0
7.574863333,2.961939599,7.371098666,0.0,0.0,1.0
4.57800974,1.835954598,4.852989891,0.0,0.0,1.0
4.574430514,1.483652079,3.466827955,0.0,0.0,1.0
3.536104484,-0.343904961,4.835326604,0.0,0.0,1.0
7.955688418,0.459527037,4.608726455,0.0,0.0,1.0
3.81043401,2.085645864,4.054672924,0.0,0.0,1.0
2.886789616,4.47928227,6.052882043,0.0,0.0,1.0
7.919721731,0.774766337,4.694572984,0.0,0.0,1.0
7.018430022,3.209355222,5.053092821,0.0,0.0,1.0
5.537275841,5.22462883,6.280725632,0.0,0.0,1.0
7.443233199,2.236491494,4.890762054,0.0,0.0,1.0
6.578526742,1.645911808,5.963220802,0.0,0.0,1.0
6.916079064,1.904142701,3.688859814,0.0,0.0,1.0
4.092557436,0.520275302,1.820809844,0.0,0.0,1.0
5.179323474,2.025115003,4.700371749,0.0,0.0,1.0
5.422510929,1.863631801,4.260179066,0.0,0.0,1.0
5.956086083,2.139687599,5.395138034,0.0,0.0,1.0
8.25490548,3.032767724,3.147613605,0.0,0.0,1.0
6.050151806,2.551533783,3.65108111,0.0,0.0,1.0
6.274826217,1.754738112,3.760682844,0.0,0.0,1.0
6.768719831,-0.24769154,3.55207496,0.0,0.0,1.0
5.36045736,4.562390692,3.022252843,0.0,0.0,1.0
6.642449323,2.419943081,3.686022511,0.0,0.0,1.0
4.583401667,-1.316020415,2.747016605,0.0,0.0,1.0
6.928250819,0.834841003,6.230528558,0.0,0.0,1.0
6.627756351,3.61413652,2.705040369,0.0,0.0,1.0
4.097881669,0.825463604,4.328028302,0.0,0.0,1.0
7.799510348,0.248795071,4.292146857,0.0,0.0,1.0
7.151237043,2.273710861,4.507776552,0.0,0.0,1.0
7.496048718,1.743108063,4.153308808,0.0,0.0,1.0
8.032681684,2.970000602,1.820311891,0.0,0.0,1.0
5.430916642,2.327735338,6.143874957,0.0,0.0,1.0
4.754667563,0.886898295,3.818894988,0.0,0.0,1.0
5.840535153,-0.734191433,5.716134369,0.0,0.0,1.0
5.426603216,4.325557413,5.586915122,0.0,0.0,1.0
4.171978526,0.68410611,4.806312464,0.0,0.0,1.0
7.131129625,-0.458789228,6.497681516,0.0,0.0,1.0
6.956575909,2.395957339,3.265341173,0.0,0.0,1.0
7.487912109,1.694238396,3.229590085,0.0,0.0,1.0
5.4155798,4.872413581,3.643262491,0.0,0.0,1.0
3.73867614,1.999614302,5.011817098,0.0,0.0,1.0
2.533857468,2.320798949,2.062208383,0.0,0.0,1.0
5.719062934,0.998417528,3.522931693,0.0,0.0,1.0
6.399490874,0.752429436,3.29513135,0.0,0.0,1.0
4.526617288,3.026282313,5.61803189,0.0,0.0,1.0
6.28920563,1.250280942,4.821819873,0.0,0.0,1.0
5.155714065,3.15214217,3.708202935,0.0,0.0,1.0
4.312386859,2.494262406,2.655835299,0.0,0.0,1.0
6.839716353,0.379970025,1.332978377,0.0,0.0,1.0
5.524767033,4.452065704,6.771017789,0.0,0.0,1.0
5.836572843,1.383501435,3.770969661,0.0,0.0,1.0
5.314233,5.774993941,3.071550245,0.0,0.0,1.0
3.353490674,4.160769091,5.030863366,0.0,0.0,1.0
6.629147391,2.51949371,5.211273213,0.0,0.0,1.0
5.594170301,3.345668712,6.280771459,0.0,0.0,1.0
4.328082128,3.220892657,3.165603917,0.0,0.0,1.0
8.671686956,1.867072954,5.562667595,0.0,0.0,1.0
6.399367067,4.976593098,3.369747048,0.0,0.0,1.0
8.090015054,1.584765545,2.372371461,0.0,0.0,1.0
7.269050988,1.811683604,0.697367091,0.0,0.0,1.0
8.580541752,1.8846998,5.19114154,0.0,0.0,1.0
6.829400386,1.103865878,1.942487962,0.0,0.0,1.0
8.3553755,2.934913484,2.091663315,0.0,0.0,1.0
4.836737687,1.996126473,6.257772362,0.0,0.0,1.0
4.753019229,2.90029911,2.969785491,0.0,0.0,1.0
7.449072564,1.517833838,3.694893502,0.0,0.0,1.0
4.792868515,3.609145837,3.065990651,0.0,0.0,1.0
4.840626933,0.710113186,4.920944529,0.0,0.0,1.0
4.660708849,5.132173863,3.996213558,0.0,0.0,1.0
6.48624585,1.955004224,3.250753693,0.0,0.0,1.0
4.270364262,5.08532999,4.585887495,0.0,0.0,1.0
6.019855357,2.111913711,5.778579915,0.0,0.0,1.0
7.430523233,2.622592823,3.004318219,0.0,0.0,1.0
5.959810431,-0.152705814,4.290758103,0.0,0.0,1.0
5.707875537,2.173386799,4.812898408,0.0,0.0,1.0
6.121856234,1.69494666,3.367392985,0.0,0.0,1.0
2.738940668,3.124385568,4.827343029,0.0,0.0,1.0
